Siswa,Jawaban,Manual 1,Manual 2,Manual 3,Rata Manual
siswa_1 ,- Recycle yaitu mendaur ulang sesuatu atau mengolah kembali suatu barang yang sudah tidak digunakan agar bisa dimanfaatkan kembali. - Reuse adalah menggunakan kembali material atau bahan yang masih layak dipakai. - Reduce adalah konsep pengurangan atau Mengurangi pemakaian suatu material tertentu yang dianggap dapat Mengurangi produksi sampah dan tidak menyebabkan konsupsi berlebih.,25.0,35.0,25.0,28.333333333333332
siswa_2 ,"dengan menerapkan program extended producer responsibility (EPR), suatu program dimana produser bertanggung jawab mengambil kembali (take back) produk-produk yang tidak terpakai. ",20.0,28.0,25.0,24.333333333333332
siswa_3 ,"di daur ulang, memanfaatkan yang masih bisa di pakai, di pendam ",15.0,10.0,10.0,11.666666666666666
siswa_4 ,1. Mendaur ulang. 2. Mengubah menjadi kerajinan tangan. 3. Memanfaatkan sparepart yang masih dapat digunakan. ,17.0,26.0,25.0,22.666666666666668
siswa_6 ,dibuang di tempatnya ,8.0,5.0,10.0,7.666666666666667
siswa_7 ,"Melihat komposisi material dari produk elektronik ini, kita bisa simpulkan bahwa nilai ekonomisnya sangat tinggi. Beberapa material bisa didaur ulang seperti plastik, baik itu untuk menghasilkan bahan baku plastik kembali ataupun diolah untuk menghasilkan bahan bakar setara dengan bensin dan solar, kemudian aneka macam logam seperti besi, tembaga, aluminium tentunya sangat bernilai ekonomis tinggi kalau bisa dimanfaatkan lagi, belum lagi beberapa logam dalam jumlah yang kecil tetapi sangat bernilai seperti perak dan emas tentunya menjadikan daur ulang ini sangat menjanjikan ke depannya. ",40.0,55.0,50.0,48.333333333333336
siswa_8 ,"meningkatkan umur suatu produk, mendaur ulang produk yang tidak terpakai secara benar, mengekspor ke negara maju untuk dikembangkan ",20.0,30.0,25.0,25.0
siswa_10 ,"Masyarakat bisa menjual sampahnya kepada Ecocash. Petugas akan mendatangi rumah pengguna jasa, mengambil perangkat elektronik bekas, lantas membayarnya. Perangkat yang rusak atau mati pun tetap ada harganya. Saat ini, layanan penjemputan sampah elektronik secara gratis baru ada untuk wilayah Jakarta dan Tangerang. Daerah lain di Jabodetabek bisa dilayani, tetapi dikenai tarif tambahan untuk pengambilan barang. “Perangkat elektronik tersebut akan kami salurkan untuk dipilah dan didaur ulang. Jadi, peran kami adalah membantu orang-orang meneruskan sampah elektronik mereka ke pihak-pihak yang bisa mengelolanya,” tutur Amrit Gurbani, Co-Founder PT Mitra Kersa Artha di kantornya, Jumat (3/7). Menyerahkan limbah elektronik kepada pihak yang bisa mengolahnya dapat menjadi salah satu cara yang kita tempuh untuk mengatasi menumpuknya sampah elektronik selain mempertimbangkan masak-masak sebelum membeli perangkat elektronik. Sementara itu, kita tetap berharap perusahaan elektronik mau bertanggung jawab mengelola kembali produknya dan negara kita punya sistem yang terintegrasi untuk mengelola sampah. ",30.0,40.0,50.0,40.0
siswa_11 ,"Sampah elektronik yang tidak terkelola dengan baik menimbulkan masalah. Komponen-komponennya mengandung bahan berbahaya dan beracun (B3). Circuit board komputer misalnya, mengandung logam-logam berat seperti timah, krom, besi, timbal, perak, dan tembaga. Komponen di dalam televisi dan monitor komputer bekas pun mengandung timah, kadmium, dan merkuri. Limbah-limbah ini, jika tidak ditangani dengan benar, menjadi polutan bagi air, tanah, dan udara. Ini juga akan berpengaruh buruk terhadap kesehatan orang-orang yang ada di sekitarnya. ",20.0,30.0,25.0,25.0
siswa_12 ,"melakukan recycle pada e waste yang masih bisa digunakan, mengurangi penggunaan alat elektronik yang tidak perlu digunakan, gunakan lah kembali alat listrik yang masih bisa digunakan ",8.0,10.0,10.0,9.333333333333334
siswa_16 ,Di olah kembali menjadi barang yang berguna ,15.0,15.0,10.0,13.333333333333334
siswa_17 ,"dilakukan pelelehan barang elektronik, melakukan daur ulang, dan upgreade bahan dari yang tidak layak menjadi layak. ",16.0,20.0,25.0,20.333333333333332
siswa_18 ,1. dengan cara mendaur ulang sampah elektronik 2. mengurangi penggunaan sampah elektronik ,25.0,30.0,25.0,26.666666666666668
siswa_19 ,"dibuar kerajinan , dikubur , disimpan ",8.0,10.0,10.0,9.333333333333334
siswa_20 ,-mendaur ulang yang masih bisa dipakai -membuang ke tempat pembuangan akhir -memanfaatkan yang bisa dipakai,20.0,20.0,25.0,21.666666666666668
siswa_22 ,-Dengan melebur bahan bekas itu menjadi bahan mentah. -Mengambil spare part barang itu kemudian dipasang ke perangkat yang lain. -di daur ulang.,18.0,25.0,25.0,22.666666666666668
siswa_24 ,di daur ulang ,12.0,10.0,10.0,10.666666666666666
siswa_25 ,dengan cara menghancurkannya dengan alat berat ,5.0,5.0,10.0,6.666666666666667
siswa_26 ,membuang pada tempatnya ,8.0,5.0,10.0,7.666666666666667
siswa_27 ,reduce. reuse. recycle. ,8.0,10.0,10.0,9.333333333333334
siswa_33 ,- melakukan pengumpulan sampah elektronik dan selanjutnya dipilah dan didaur ulang,20.0,25.0,25.0,23.333333333333332
siswa_34 ,-salurkan sampah elektronik -daur ulang sampah elektronik -menyimpannya di rumah,20.0,25.0,25.0,23.333333333333332
siswa_35 ,-Dengan merefresh dan scan -Dengan mengistall ulang -Dengan merepair -Dengan maintenance,8.0,5.0,10.0,7.666666666666667
siswa_36 ,mendaur ulang ,12.0,10.0,10.0,10.666666666666666
siswa_37 ,recycle - reuse - refuse. ,7.0,10.0,10.0,9.0
siswa_38 ,"Dihapus, Diolah kembali, Diasingkan, gunakan Ad-Block. ",8.0,10.0,10.0,9.333333333333334
siswa_39 ,-membersihkan hal yang mengandung spam. -melakukan scanning terhadap Data pada komputer. -rutin melakukan defragment.,0.0,5.0,10.0,5.0
siswa_40 ,- adanya satu perhatian dari instansi terkait Dalam pengelola limbah - membangun sistem database untuk medata jumlah volume limnbah - mendorong kepeduliuan semua pihak,8.0,10.0,10.0,9.333333333333334
siswa_41 ,tidak tahu ,0.0,0.0,0.0,1.0
siswa_42 ,- dibakar - didaur ulang,12.0,10.0,10.0,10.666666666666666
siswa_43 ,-Dengan melakukan scaning menggunakan software,0.0,0.0,0.0,1.0
siswa_44 ,"Dalam buku E-Waste: Sampah Elektronik (2015), penulis Rafa Jafar memberikan tips bagaimana memperlakukan barang bekas atau e-waste sebelum akhirnya berakhir di dropbox. Ada langkah kecil yang dapat dilakukan untuk mengurangi sampah elektronik, seperti jual tambah, membawa ke tukang servis, memberikan ke orang lain yang membutuhkan, atau dikumpulkan untuk diberikan ke tempat pengolah e-waste. ",23.0,30.0,25.0,26.0
siswa_45 ,"- mendorong kepedulian semua pihak untuk mendukung pelaksanaan mekanisme EPR dan mekanisme insentif. - membangun sistem database untuk mendata: volume limbah elektronik, daftar industri rekondisi, daftar industri pengolah limbah. - Kebijakan untuk peranan dan pertumbuhan industri rekondisi dan memberlakukan standar untuk produk refurbish. - memberikan informasi kepada semua pihak (terutama sektor informal) akan bahaya penanganan e-waste yang tidak terkontrol. - Pengelolaan limbah B3 dari Kegiatan elektronik dapat dilakukan sendiri atau diberikan kepada pihak ketiga yang telah mendapatkan izin dari KLH",16.0,20.0,25.0,20.333333333333332
siswa_46 ,-mendaur ulang sampah elektronik -bakar sampah elektronik yang bisa di bakar -di olah Dengan benar,28.0,35.0,25.0,29.333333333333332
siswa_47 ,- mendaur ulang Sampah. - memanfaatkan Sebagai bahan yg lebih penting,20.0,20.0,25.0,21.666666666666668
siswa_49 ,didaur ulang ,12.0,12.0,10.0,11.333333333333334
siswa_50 ,"Penjualan barang elektronik yang terus melonjak hingga satu dekade mendatang diperkirakan akan terjadi di negara-negara berkembang dalam 10 tahun ke depan. Meningkatnya penjualan, tentu saja berdampak pada penumpukan sampah elektronik yang membahayakan lingkungan dan kesehatan manusia. ",17.0,25.0,25.0,22.333333333333332
siswa_51 ,daur ulang dimanfaatkan menjadi benda yang bermanfaat ,26.0,25.0,25.0,25.333333333333332
siswa_52 ,menggunakan barang secara bijak. ,16.0,14.0,10.0,13.333333333333334
siswa_53 ,"delete, bokir ,tidak usah buat ",0.0,2.0,0.0,0.6666666666666666
siswa_54 ,"Menghapus sampah elektronik, memblokir sampah elektronik, tidak membuat sampah elektronik. ",18.0,20.0,25.0,21.0
siswa_55 ,"Hapus,Blokir, ",0.0,0.0,0.0,1.0
siswa_56 ,di daur ulang di daur ulang di daur ulang ,12.0,10.0,10.0,10.666666666666666
siswa_57 ,- disimpan - di daur ulang - dijadikan pajangan,12.0,15.0,10.0,12.333333333333334
siswa_58 ,"menggunakan antivirus , melakukan pembersihan data yang tidak penting ",5.0,5.0,10.0,6.666666666666667
siswa_59 ,melakukan pembersihan secara berkala. memiliki aplikasi penghapus spam. tidak menginstall hal hal yang tidak diperlukan ,8.0,5.0,10.0,7.666666666666667
siswa_60 ,"daur ulang menjadi produk baru, dilebur, dijadikan bahan campuran ",15.0,20.0,25.0,20.0
siswa_61 ,"Memisahkan antara sampah basah, sampah kering dan sampah elektronik meningkatkan kreatifitas dengan mengelola sampah elektronik jangan membuang sampah lektronik sembarangan ",40.0,40.0,50.0,43.333333333333336
siswa_62 ,mendaur ulang. memisahkan bahan-bahan yang berbahaya dan beracun atau B3 ,38.0,35.0,25.0,32.666666666666664
siswa_63 ,di lenyapkan ,0.0,0.0,0.0,1.0
siswa_64 ,-tingkatkan keamanan -perbaiki sistem secara berkala -bersihkan virus,5.0,5.0,10.0,6.666666666666667
siswa_65,- Recycle adalah mendaur balik sesuatu atau mengolah kembali suatu barang yang sudah tidak digunakan agar bisa dimanfaatkan kembali. - Reuse adalah menggunakan kembali material atau bahan yang masih layak dipakai. - Reduce adalah konsep pengurangan atau Mengurangi pemakaian suatu material tertentu yang dianggap dapat Mengurangi produksi sampah dan tidak menyebabkan konsupsi berlebih.,25.0,35.0,25.0,28.333333333333332
siswa_66,- Recycle adalah mendaur ulang sesuatu atau mengolah kembali suatu barang yang sudah tidak digunakan agar bisa dimanfaatkan kembali. - Reuse adalah menggunakan kembali material atau bahan yang masih layak dipakai. - Reduce adalah konsep pengurangan atau Mengurangi pemakaian suatu material tertentu yang dianggap dapat Mengurangi produksi sampah dan tidak menyebabkan konsupsi berlebih.,25.0,35.0,25.0,28.333333333333332
siswa_67,- Recycle yaitu mendaur balik sesuatu atau mengolah kembali suatu barang yang sudah tidak digunakan agar bisa dimanfaatkan kembali. - Reuse adalah menggunakan kembali material atau bahan yang masih layak dipakai. - Reduce adalah konsep pengurangan atau Mengurangi pemakaian suatu material tertentu yang dianggap dapat Mengurangi produksi sampah dan tidak menyebabkan konsupsi berlebih.,25.0,35.0,25.0,28.333333333333332
siswa_68,"cak atas melaksanakan acara extended producer responsibility (EPR), suatu program dimana produser bertanggung jawab mengambil kembali (take back) produk-produk yang tidak terpakai.",20.0,28.0,25.0,24.333333333333332
siswa_69,"cak atas melaksanakan program extended producer responsibility (EPR), suatu program dimana produser bertanggung jawab mengambil kembali (take back) produk-produk yang tidak terpakai.",20.0,28.0,25.0,24.333333333333332
siswa_70,"cak atas menerapkan acara extended producer responsibility (EPR), suatu program dimana produser bertanggung jawab mengambil kembali (take back) produk-produk yang tidak terpakai.",20.0,28.0,25.0,24.333333333333332
siswa_71,"cak atas menerapkan program extended producer responsibility (EPR), suatu program dimana produser bertanggung jawab mengambil kembali (take back) produk-produk yang tidak terpakai.",20.0,28.0,25.0,24.333333333333332
siswa_72,"dengan melaksanakan acara extended producer responsibility (EPR), suatu program dimana produser bertanggung jawab mengambil kembali (take back) produk-produk yang tidak terpakai.",20.0,28.0,25.0,24.333333333333332
siswa_73,"dengan melaksanakan program extended producer responsibility (EPR), suatu program dimana produser bertanggung jawab mengambil kembali (take back) produk-produk yang tidak terpakai.",20.0,28.0,25.0,24.333333333333332
siswa_74,"dengan menerapkan acara extended producer responsibility (EPR), suatu program dimana produser bertanggung jawab mengambil kembali (take back) produk-produk yang tidak terpakai.",20.0,28.0,25.0,24.333333333333332
siswa_75,"dalam abad ulang, memakai nan masih bisa di pakai, di pendam",15.0,10.0,10.0,11.666666666666666
siswa_76,"dalam abad ulang, memakai yang masih bisa di pakai, di pendam",15.0,10.0,10.0,11.666666666666666
siswa_77,"dalam abad ulang, memanfaatkan nan masih bisa di pakai, di pendam",15.0,10.0,10.0,11.666666666666666
siswa_78,"dalam abad ulang, memanfaatkan yang masih bisa di pakai, di pendam",15.0,10.0,10.0,11.666666666666666
siswa_79,"dalam daur ulang, memakai nan masih bisa di pakai, di pendam",15.0,10.0,10.0,11.666666666666666
siswa_80,"dalam daur ulang, memakai yang masih bisa di pakai, di pendam",15.0,10.0,10.0,11.666666666666666
siswa_81,"dalam daur ulang, memanfaatkan nan masih bisa di pakai, di pendam",15.0,10.0,10.0,11.666666666666666
siswa_82,"dalam daur ulang, memanfaatkan yang masih bisa di pakai, di pendam",15.0,10.0,10.0,11.666666666666666
siswa_83,"di abad ulang, memakai nan masih bisa di pakai, di pendam",15.0,10.0,10.0,11.666666666666666
siswa_84,"di abad ulang, memakai yang masih bisa di pakai, di pendam",15.0,10.0,10.0,11.666666666666666
siswa_85,"di abad ulang, memanfaatkan nan masih bisa di pakai, di pendam",15.0,10.0,10.0,11.666666666666666
siswa_86,"di abad ulang, memanfaatkan yang masih bisa di pakai, di pendam",15.0,10.0,10.0,11.666666666666666
siswa_87,"di daur ulang, memakai nan masih bisa di pakai, di pendam",15.0,10.0,10.0,11.666666666666666
siswa_88,"di daur ulang, memakai yang masih bisa di pakai, di pendam",15.0,10.0,10.0,11.666666666666666
siswa_89,"di daur ulang, memanfaatkan nan masih bisa di pakai, di pendam",15.0,10.0,10.0,11.666666666666666
siswa_90,dibuang dalam tempatnya,8.0,5.0,10.0,7.666666666666667
siswa_91,"Melihat aransemen material berawal barang elektronik ini, kita bisa simpulkan bahwa nilai ekonomisnya sangat tinggi. Beberapa material bisa didaur ulang seperti plastik, baik itu untuk menghasilkan bahan baku plastik kembali ataupun diolah untuk menghasilkan bahan bakar setara dengan bensin dan solar, kemudian aneka macam logam seperti besi, tembaga, aluminium tentunya sangat bernilai ekonomis tinggi kalau bisa dimanfaatkan lagi, belum lagi beberapa logam dalam jumlah yang kecil tetapi sangat bernilai seperti perak dan emas tentunya menjadikan daur ulang ini sangat menjanjikan ke depannya.",40.0,55.0,50.0,48.333333333333336
siswa_92,"Melihat aransemen material berawal produk elektronik ini, kita bisa simpulkan bahwa nilai ekonomisnya sangat tinggi. Beberapa material bisa didaur ulang seperti plastik, baik itu untuk menghasilkan bahan baku plastik kembali ataupun diolah untuk menghasilkan bahan bakar setara dengan bensin dan solar, kemudian aneka macam logam seperti besi, tembaga, aluminium tentunya sangat bernilai ekonomis tinggi kalau bisa dimanfaatkan lagi, belum lagi beberapa logam dalam jumlah yang kecil tetapi sangat bernilai seperti perak dan emas tentunya menjadikan daur ulang ini sangat menjanjikan ke depannya.",40.0,55.0,50.0,48.333333333333336
siswa_93,"Melihat aransemen material dari barang elektronik ini, kita bisa simpulkan bahwa nilai ekonomisnya sangat tinggi. Beberapa material bisa didaur ulang seperti plastik, baik itu untuk menghasilkan bahan baku plastik kembali ataupun diolah untuk menghasilkan bahan bakar setara dengan bensin dan solar, kemudian aneka macam logam seperti besi, tembaga, aluminium tentunya sangat bernilai ekonomis tinggi kalau bisa dimanfaatkan lagi, belum lagi beberapa logam dalam jumlah yang kecil tetapi sangat bernilai seperti perak dan emas tentunya menjadikan daur ulang ini sangat menjanjikan ke depannya.",40.0,55.0,50.0,48.333333333333336
siswa_94,"Melihat aransemen material dari produk elektronik ini, kita bisa simpulkan bahwa nilai ekonomisnya sangat tinggi. Beberapa material bisa didaur ulang seperti plastik, baik itu untuk menghasilkan bahan baku plastik kembali ataupun diolah untuk menghasilkan bahan bakar setara dengan bensin dan solar, kemudian aneka macam logam seperti besi, tembaga, aluminium tentunya sangat bernilai ekonomis tinggi kalau bisa dimanfaatkan lagi, belum lagi beberapa logam dalam jumlah yang kecil tetapi sangat bernilai seperti perak dan emas tentunya menjadikan daur ulang ini sangat menjanjikan ke depannya.",40.0,55.0,50.0,48.333333333333336
siswa_95,"Melihat komposisi material berawal barang elektronik ini, kita bisa simpulkan bahwa nilai ekonomisnya sangat tinggi. Beberapa material bisa didaur ulang seperti plastik, baik itu untuk menghasilkan bahan baku plastik kembali ataupun diolah untuk menghasilkan bahan bakar setara dengan bensin dan solar, kemudian aneka macam logam seperti besi, tembaga, aluminium tentunya sangat bernilai ekonomis tinggi kalau bisa dimanfaatkan lagi, belum lagi beberapa logam dalam jumlah yang kecil tetapi sangat bernilai seperti perak dan emas tentunya menjadikan daur ulang ini sangat menjanjikan ke depannya.",40.0,55.0,50.0,48.333333333333336
siswa_96,"Melihat komposisi material berawal produk elektronik ini, kita bisa simpulkan bahwa nilai ekonomisnya sangat tinggi. Beberapa material bisa didaur ulang seperti plastik, baik itu untuk menghasilkan bahan baku plastik kembali ataupun diolah untuk menghasilkan bahan bakar setara dengan bensin dan solar, kemudian aneka macam logam seperti besi, tembaga, aluminium tentunya sangat bernilai ekonomis tinggi kalau bisa dimanfaatkan lagi, belum lagi beberapa logam dalam jumlah yang kecil tetapi sangat bernilai seperti perak dan emas tentunya menjadikan daur ulang ini sangat menjanjikan ke depannya.",40.0,55.0,50.0,48.333333333333336
siswa_97,"Melihat komposisi material dari barang elektronik ini, kita bisa simpulkan bahwa nilai ekonomisnya sangat tinggi. Beberapa material bisa didaur ulang seperti plastik, baik itu untuk menghasilkan bahan baku plastik kembali ataupun diolah untuk menghasilkan bahan bakar setara dengan bensin dan solar, kemudian aneka macam logam seperti besi, tembaga, aluminium tentunya sangat bernilai ekonomis tinggi kalau bisa dimanfaatkan lagi, belum lagi beberapa logam dalam jumlah yang kecil tetapi sangat bernilai seperti perak dan emas tentunya menjadikan daur ulang ini sangat menjanjikan ke depannya.",40.0,55.0,50.0,48.333333333333336
siswa_98,"meluaskan baya satu produk, mendaur ulang produk yang tidak terpakai secara benar, mengekspor ke negara maju untuk dikembangkan",20.0,30.0,25.0,25.0
siswa_99,"meluaskan baya suatu produk, mendaur ulang produk yang tidak terpakai secara benar, mengekspor ke negara maju untuk dikembangkan",20.0,30.0,25.0,25.0
siswa_100,"meluaskan umur satu produk, mendaur ulang produk yang tidak terpakai secara benar, mengekspor ke negara maju untuk dikembangkan",20.0,30.0,25.0,25.0
siswa_101,"meluaskan umur suatu produk, mendaur ulang produk yang tidak terpakai secara benar, mengekspor ke negara maju untuk dikembangkan",20.0,30.0,25.0,25.0
siswa_102,"meningkatkan baya satu produk, mendaur ulang produk yang tidak terpakai secara benar, mengekspor ke negara maju untuk dikembangkan",20.0,30.0,25.0,25.0
siswa_103,"meningkatkan baya suatu produk, mendaur ulang produk yang tidak terpakai secara benar, mengekspor ke negara maju untuk dikembangkan",20.0,30.0,25.0,25.0
siswa_104,"meningkatkan umur satu produk, mendaur ulang produk yang tidak terpakai secara benar, mengekspor ke negara maju untuk dikembangkan",20.0,30.0,25.0,25.0
siswa_105,"Masyarakat becus  melego sampahnya akan Ecocash. Petugas akan mendatangi rumah pengguna jasa, mengambil perangkat elektronik bekas, lantas membayarnya. Perangkat yang rusak atau mati pun tetap ada harganya. Saat ini, layanan penjemputan sampah elektronik secara gratis baru ada untuk wilayah Jakarta dan Tangerang. Daerah lain di Jabodetabek bisa dilayani, tetapi dikenai tarif tambahan untuk pengambilan barang. “Perangkat elektronik tersebut akan kami salurkan untuk dipilah dan didaur ulang. Jadi, peran kami adalah membantu orang-orang meneruskan sampah elektronik mereka ke pihak-pihak yang bisa mengelolanya,” tutur Amrit Gurbani, Co-Founder PT Mitra Kersa Artha di kantornya, Jumat (3/7). Menyerahkan limbah elektronik kepada pihak yang bisa mengolahnya dapat menjadi salah satu cara yang kita tempuh untuk mengatasi menumpuknya sampah elektronik selain mempertimbangkan masak-masak sebelum membeli perangkat elektronik. Sementara itu, kita tetap berharap perusahaan elektronik mau bertanggung jawab mengelola kembali produknya dan negara kita punya sistem yang terintegrasi untuk mengelola sampah.",30.0,40.0,50.0,40.0
siswa_106,"Masyarakat becus  melego sampahnya kepada Ecocash. Petugas akan mendatangi rumah pengguna jasa, mengambil perangkat elektronik bekas, lantas membayarnya. Perangkat yang rusak atau mati pun tetap ada harganya. Saat ini, layanan penjemputan sampah elektronik secara gratis baru ada untuk wilayah Jakarta dan Tangerang. Daerah lain di Jabodetabek bisa dilayani, tetapi dikenai tarif tambahan untuk pengambilan barang. “Perangkat elektronik tersebut akan kami salurkan untuk dipilah dan didaur ulang. Jadi, peran kami adalah membantu orang-orang meneruskan sampah elektronik mereka ke pihak-pihak yang bisa mengelolanya,” tutur Amrit Gurbani, Co-Founder PT Mitra Kersa Artha di kantornya, Jumat (3/7). Menyerahkan limbah elektronik kepada pihak yang bisa mengolahnya dapat menjadi salah satu cara yang kita tempuh untuk mengatasi menumpuknya sampah elektronik selain mempertimbangkan masak-masak sebelum membeli perangkat elektronik. Sementara itu, kita tetap berharap perusahaan elektronik mau bertanggung jawab mengelola kembali produknya dan negara kita punya sistem yang terintegrasi untuk mengelola sampah.",30.0,40.0,50.0,40.0
siswa_107,"Masyarakat becus  menjual sampahnya akan Ecocash. Petugas akan mendatangi rumah pengguna jasa, mengambil perangkat elektronik bekas, lantas membayarnya. Perangkat yang rusak atau mati pun tetap ada harganya. Saat ini, layanan penjemputan sampah elektronik secara gratis baru ada untuk wilayah Jakarta dan Tangerang. Daerah lain di Jabodetabek bisa dilayani, tetapi dikenai tarif tambahan untuk pengambilan barang. “Perangkat elektronik tersebut akan kami salurkan untuk dipilah dan didaur ulang. Jadi, peran kami adalah membantu orang-orang meneruskan sampah elektronik mereka ke pihak-pihak yang bisa mengelolanya,” tutur Amrit Gurbani, Co-Founder PT Mitra Kersa Artha di kantornya, Jumat (3/7). Menyerahkan limbah elektronik kepada pihak yang bisa mengolahnya dapat menjadi salah satu cara yang kita tempuh untuk mengatasi menumpuknya sampah elektronik selain mempertimbangkan masak-masak sebelum membeli perangkat elektronik. Sementara itu, kita tetap berharap perusahaan elektronik mau bertanggung jawab mengelola kembali produknya dan negara kita punya sistem yang terintegrasi untuk mengelola sampah.",30.0,40.0,50.0,40.0
siswa_108,"Masyarakat becus  menjual sampahnya kepada Ecocash. Petugas akan mendatangi rumah pengguna jasa, mengambil perangkat elektronik bekas, lantas membayarnya. Perangkat yang rusak atau mati pun tetap ada harganya. Saat ini, layanan penjemputan sampah elektronik secara gratis baru ada untuk wilayah Jakarta dan Tangerang. Daerah lain di Jabodetabek bisa dilayani, tetapi dikenai tarif tambahan untuk pengambilan barang. “Perangkat elektronik tersebut akan kami salurkan untuk dipilah dan didaur ulang. Jadi, peran kami adalah membantu orang-orang meneruskan sampah elektronik mereka ke pihak-pihak yang bisa mengelolanya,” tutur Amrit Gurbani, Co-Founder PT Mitra Kersa Artha di kantornya, Jumat (3/7). Menyerahkan limbah elektronik kepada pihak yang bisa mengolahnya dapat menjadi salah satu cara yang kita tempuh untuk mengatasi menumpuknya sampah elektronik selain mempertimbangkan masak-masak sebelum membeli perangkat elektronik. Sementara itu, kita tetap berharap perusahaan elektronik mau bertanggung jawab mengelola kembali produknya dan negara kita punya sistem yang terintegrasi untuk mengelola sampah.",30.0,40.0,50.0,40.0
siswa_109,"Masyarakat bisa melego sampahnya akan Ecocash. Petugas akan mendatangi rumah pengguna jasa, mengambil perangkat elektronik bekas, lantas membayarnya. Perangkat yang rusak atau mati pun tetap ada harganya. Saat ini, layanan penjemputan sampah elektronik secara gratis baru ada untuk wilayah Jakarta dan Tangerang. Daerah lain di Jabodetabek bisa dilayani, tetapi dikenai tarif tambahan untuk pengambilan barang. “Perangkat elektronik tersebut akan kami salurkan untuk dipilah dan didaur ulang. Jadi, peran kami adalah membantu orang-orang meneruskan sampah elektronik mereka ke pihak-pihak yang bisa mengelolanya,” tutur Amrit Gurbani, Co-Founder PT Mitra Kersa Artha di kantornya, Jumat (3/7). Menyerahkan limbah elektronik kepada pihak yang bisa mengolahnya dapat menjadi salah satu cara yang kita tempuh untuk mengatasi menumpuknya sampah elektronik selain mempertimbangkan masak-masak sebelum membeli perangkat elektronik. Sementara itu, kita tetap berharap perusahaan elektronik mau bertanggung jawab mengelola kembali produknya dan negara kita punya sistem yang terintegrasi untuk mengelola sampah.",30.0,40.0,50.0,40.0
siswa_110,"Masyarakat bisa melego sampahnya kepada Ecocash. Petugas akan mendatangi rumah pengguna jasa, mengambil perangkat elektronik bekas, lantas membayarnya. Perangkat yang rusak atau mati pun tetap ada harganya. Saat ini, layanan penjemputan sampah elektronik secara gratis baru ada untuk wilayah Jakarta dan Tangerang. Daerah lain di Jabodetabek bisa dilayani, tetapi dikenai tarif tambahan untuk pengambilan barang. “Perangkat elektronik tersebut akan kami salurkan untuk dipilah dan didaur ulang. Jadi, peran kami adalah membantu orang-orang meneruskan sampah elektronik mereka ke pihak-pihak yang bisa mengelolanya,” tutur Amrit Gurbani, Co-Founder PT Mitra Kersa Artha di kantornya, Jumat (3/7). Menyerahkan limbah elektronik kepada pihak yang bisa mengolahnya dapat menjadi salah satu cara yang kita tempuh untuk mengatasi menumpuknya sampah elektronik selain mempertimbangkan masak-masak sebelum membeli perangkat elektronik. Sementara itu, kita tetap berharap perusahaan elektronik mau bertanggung jawab mengelola kembali produknya dan negara kita punya sistem yang terintegrasi untuk mengelola sampah.",30.0,40.0,50.0,40.0
siswa_111,"Masyarakat bisa menjual sampahnya akan Ecocash. Petugas akan mendatangi rumah pengguna jasa, mengambil perangkat elektronik bekas, lantas membayarnya. Perangkat yang rusak atau mati pun tetap ada harganya. Saat ini, layanan penjemputan sampah elektronik secara gratis baru ada untuk wilayah Jakarta dan Tangerang. Daerah lain di Jabodetabek bisa dilayani, tetapi dikenai tarif tambahan untuk pengambilan barang. “Perangkat elektronik tersebut akan kami salurkan untuk dipilah dan didaur ulang. Jadi, peran kami adalah membantu orang-orang meneruskan sampah elektronik mereka ke pihak-pihak yang bisa mengelolanya,” tutur Amrit Gurbani, Co-Founder PT Mitra Kersa Artha di kantornya, Jumat (3/7). Menyerahkan limbah elektronik kepada pihak yang bisa mengolahnya dapat menjadi salah satu cara yang kita tempuh untuk mengatasi menumpuknya sampah elektronik selain mempertimbangkan masak-masak sebelum membeli perangkat elektronik. Sementara itu, kita tetap berharap perusahaan elektronik mau bertanggung jawab mengelola kembali produknya dan negara kita punya sistem yang terintegrasi untuk mengelola sampah.",30.0,40.0,50.0,40.0
siswa_112,"Sampah elektronik nan bukan terkelola dengan baik menimbulkan masalah. Komponen-komponennya mengandung bahan berbahaya dan beracun (B3). Circuit board komputer misalnya, mengandung logam-logam berat seperti timah, krom, besi, timbal, perak, dan tembaga. Komponen di dalam televisi dan monitor komputer bekas pun mengandung timah, kadmium, dan merkuri. Limbah-limbah ini, jika tidak ditangani dengan benar, menjadi polutan bagi air, tanah, dan udara. Ini juga akan berpengaruh buruk terhadap kesehatan orang-orang yang ada di sekitarnya.",20.0,30.0,25.0,25.0
siswa_113,"Sampah elektronik nan tidak terkelola dengan baik menimbulkan masalah. Komponen-komponennya mengandung bahan berbahaya dan beracun (B3). Circuit board komputer misalnya, mengandung logam-logam berat seperti timah, krom, besi, timbal, perak, dan tembaga. Komponen di dalam televisi dan monitor komputer bekas pun mengandung timah, kadmium, dan merkuri. Limbah-limbah ini, jika tidak ditangani dengan benar, menjadi polutan bagi air, tanah, dan udara. Ini juga akan berpengaruh buruk terhadap kesehatan orang-orang yang ada di sekitarnya.",20.0,30.0,25.0,25.0
siswa_114,"Sampah elektronik yang bukan terkelola dengan baik menimbulkan masalah. Komponen-komponennya mengandung bahan berbahaya dan beracun (B3). Circuit board komputer misalnya, mengandung logam-logam berat seperti timah, krom, besi, timbal, perak, dan tembaga. Komponen di dalam televisi dan monitor komputer bekas pun mengandung timah, kadmium, dan merkuri. Limbah-limbah ini, jika tidak ditangani dengan benar, menjadi polutan bagi air, tanah, dan udara. Ini juga akan berpengaruh buruk terhadap kesehatan orang-orang yang ada di sekitarnya.",20.0,30.0,25.0,25.0
siswa_115,"melaksanakan recycle cak  ala e waste yang masih bisa digunakan, mengurangi penggunaan alat elektronik yang tidak perlu digunakan, gunakan lah kembali alat listrik yang masih bisa digunakan",8.0,10.0,10.0,9.333333333333334
siswa_116,"melaksanakan recycle pada e waste yang masih bisa digunakan, mengurangi penggunaan alat elektronik yang tidak perlu digunakan, gunakan lah kembali alat listrik yang masih bisa digunakan",8.0,10.0,10.0,9.333333333333334
siswa_117,"melakukan recycle cak  ala e waste yang masih bisa digunakan, mengurangi penggunaan alat elektronik yang tidak perlu digunakan, gunakan lah kembali alat listrik yang masih bisa digunakan",8.0,10.0,10.0,9.333333333333334
siswa_118,Di ulah balik sebagai bagasi yang berguna,15.0,15.0,10.0,13.333333333333334
siswa_119,Di ulah balik sebagai barang yang berguna,15.0,15.0,10.0,13.333333333333334
siswa_120,Di ulah balik menjadi bagasi yang berguna,15.0,15.0,10.0,13.333333333333334
siswa_121,Di ulah balik menjadi barang yang berguna,15.0,15.0,10.0,13.333333333333334
siswa_122,Di ulah kembali sebagai bagasi yang berguna,15.0,15.0,10.0,13.333333333333334
siswa_123,Di ulah kembali sebagai barang yang berguna,15.0,15.0,10.0,13.333333333333334
siswa_124,Di ulah kembali menjadi bagasi yang berguna,15.0,15.0,10.0,13.333333333333334
siswa_125,Di ulah kembali menjadi barang yang berguna,15.0,15.0,10.0,13.333333333333334
siswa_126,Di olah balik sebagai bagasi yang berguna,15.0,15.0,10.0,13.333333333333334
siswa_127,Di olah balik sebagai barang yang berguna,15.0,15.0,10.0,13.333333333333334
siswa_128,Di olah balik menjadi bagasi yang berguna,15.0,15.0,10.0,13.333333333333334
siswa_129,Di olah balik menjadi barang yang berguna,15.0,15.0,10.0,13.333333333333334
siswa_130,Di olah kembali sebagai bagasi yang berguna,15.0,15.0,10.0,13.333333333333334
siswa_131,Di olah kembali sebagai barang yang berguna,15.0,15.0,10.0,13.333333333333334
siswa_132,Di olah kembali menjadi bagasi yang berguna,15.0,15.0,10.0,13.333333333333334
siswa_133,"dilakukan pelelehan bagasi elektronik, melaksanakan daur ulang, dan upgreade bahan dari yang tidak layak menjadi layak.",16.0,20.0,25.0,20.333333333333332
siswa_134,"dilakukan pelelehan bagasi elektronik, melakukan daur ulang, dan upgreade bahan dari yang tidak layak menjadi layak.",16.0,20.0,25.0,20.333333333333332
siswa_135,"dilakukan pelelehan barang elektronik, melaksanakan daur ulang, dan upgreade bahan dari yang tidak layak menjadi layak.",16.0,20.0,25.0,20.333333333333332
siswa_136,1. cak atas aturan mendaur balik sampah elektronik 2. mengurangi penggunaan sampah elektronik,25.0,30.0,25.0,26.666666666666668
siswa_137,1. cak atas aturan mendaur ulang sampah elektronik 2. mengurangi penggunaan sampah elektronik,25.0,30.0,25.0,26.666666666666668
siswa_138,1. cak atas cara mendaur balik sampah elektronik 2. mengurangi penggunaan sampah elektronik,25.0,30.0,25.0,26.666666666666668
siswa_139,1. cak atas cara mendaur ulang sampah elektronik 2. mengurangi penggunaan sampah elektronik,25.0,30.0,25.0,26.666666666666668
siswa_140,1. dengan aturan mendaur balik sampah elektronik 2. mengurangi penggunaan sampah elektronik,25.0,30.0,25.0,26.666666666666668
siswa_141,1. dengan aturan mendaur ulang sampah elektronik 2. mengurangi penggunaan sampah elektronik,25.0,30.0,25.0,26.666666666666668
siswa_142,1. dengan cara mendaur balik sampah elektronik 2. mengurangi penggunaan sampah elektronik,25.0,30.0,25.0,26.666666666666668
siswa_143,"dibuar cak keaktifan , dikubur , disimpan",8.0,10.0,10.0,9.333333333333334
siswa_144,-mendaur balik nan lagi becus  dipakai -membuang ke tempat pembuangan akhir -memanfaatkan yang bisa dipakai,20.0,20.0,25.0,21.666666666666668
siswa_145,-mendaur balik nan lagi bisa dipakai -membuang ke tempat pembuangan akhir -memanfaatkan yang bisa dipakai,20.0,20.0,25.0,21.666666666666668
siswa_146,-mendaur balik nan masih becus  dipakai -membuang ke tempat pembuangan akhir -memanfaatkan yang bisa dipakai,20.0,20.0,25.0,21.666666666666668
siswa_147,-mendaur balik nan masih bisa dipakai -membuang ke tempat pembuangan akhir -memanfaatkan yang bisa dipakai,20.0,20.0,25.0,21.666666666666668
siswa_148,-mendaur balik yang lagi becus  dipakai -membuang ke tempat pembuangan akhir -memanfaatkan yang bisa dipakai,20.0,20.0,25.0,21.666666666666668
siswa_149,-mendaur balik yang lagi bisa dipakai -membuang ke tempat pembuangan akhir -memanfaatkan yang bisa dipakai,20.0,20.0,25.0,21.666666666666668
siswa_150,-mendaur balik yang masih becus  dipakai -membuang ke tempat pembuangan akhir -memanfaatkan yang bisa dipakai,20.0,20.0,25.0,21.666666666666668
siswa_151,-mendaur balik yang masih bisa dipakai -membuang ke tempat pembuangan akhir -memanfaatkan yang bisa dipakai,20.0,20.0,25.0,21.666666666666668
siswa_152,-mendaur ulang nan lagi becus  dipakai -membuang ke tempat pembuangan akhir -memanfaatkan yang bisa dipakai,20.0,20.0,25.0,21.666666666666668
siswa_153,-mendaur ulang nan lagi bisa dipakai -membuang ke tempat pembuangan akhir -memanfaatkan yang bisa dipakai,20.0,20.0,25.0,21.666666666666668
siswa_154,-mendaur ulang nan masih becus  dipakai -membuang ke tempat pembuangan akhir -memanfaatkan yang bisa dipakai,20.0,20.0,25.0,21.666666666666668
siswa_155,-mendaur ulang nan masih bisa dipakai -membuang ke tempat pembuangan akhir -memanfaatkan yang bisa dipakai,20.0,20.0,25.0,21.666666666666668
siswa_156,-mendaur ulang yang lagi becus  dipakai -membuang ke tempat pembuangan akhir -memanfaatkan yang bisa dipakai,20.0,20.0,25.0,21.666666666666668
siswa_157,-mendaur ulang yang lagi bisa dipakai -membuang ke tempat pembuangan akhir -memanfaatkan yang bisa dipakai,20.0,20.0,25.0,21.666666666666668
siswa_158,-mendaur ulang yang masih becus  dipakai -membuang ke tempat pembuangan akhir -memanfaatkan yang bisa dipakai,20.0,20.0,25.0,21.666666666666668
siswa_159,-Dengan meluluh bakal bakat itu menjadi bahan mentah. -Mengambil spare part barang itu kemudian dipasang ke perangkat yang lain. -di daur ulang.,18.0,25.0,25.0,22.666666666666668
siswa_160,-Dengan meluluh bakal bekas itu menjadi bahan mentah. -Mengambil spare part barang itu kemudian dipasang ke perangkat yang lain. -di daur ulang.,18.0,25.0,25.0,22.666666666666668
siswa_161,-Dengan meluluh bahan bakat itu menjadi bahan mentah. -Mengambil spare part barang itu kemudian dipasang ke perangkat yang lain. -di daur ulang.,18.0,25.0,25.0,22.666666666666668
siswa_162,-Dengan meluluh bahan bekas itu menjadi bahan mentah. -Mengambil spare part barang itu kemudian dipasang ke perangkat yang lain. -di daur ulang.,18.0,25.0,25.0,22.666666666666668
siswa_163,-Dengan melebur bakal bakat itu menjadi bahan mentah. -Mengambil spare part barang itu kemudian dipasang ke perangkat yang lain. -di daur ulang.,18.0,25.0,25.0,22.666666666666668
siswa_164,-Dengan melebur bakal bekas itu menjadi bahan mentah. -Mengambil spare part barang itu kemudian dipasang ke perangkat yang lain. -di daur ulang.,18.0,25.0,25.0,22.666666666666668
siswa_165,-Dengan melebur bahan bakat itu menjadi bahan mentah. -Mengambil spare part barang itu kemudian dipasang ke perangkat yang lain. -di daur ulang.,18.0,25.0,25.0,22.666666666666668
siswa_166,dalam abad balik,12.0,10.0,10.0,10.666666666666666
siswa_167,dalam abad ulang,12.0,10.0,10.0,10.666666666666666
siswa_168,dalam daur balik,12.0,10.0,10.0,10.666666666666666
siswa_169,dalam daur ulang,12.0,10.0,10.0,10.666666666666666
siswa_170,di abad balik,12.0,10.0,10.0,10.666666666666666
siswa_171,di abad ulang,12.0,10.0,10.0,10.666666666666666
siswa_172,di daur balik,12.0,10.0,10.0,10.666666666666666
siswa_173,cak atas aturan menghancurkannya cak atas gawai berat,5.0,5.0,10.0,6.666666666666667
siswa_174,cak atas aturan menghancurkannya cak atas alat berat,5.0,5.0,10.0,6.666666666666667
siswa_175,cak atas aturan menghancurkannya dengan gawai berat,5.0,5.0,10.0,6.666666666666667
siswa_176,cak atas aturan menghancurkannya dengan alat berat,5.0,5.0,10.0,6.666666666666667
siswa_177,cak atas cara menghancurkannya cak atas gawai berat,5.0,5.0,10.0,6.666666666666667
siswa_178,cak atas cara menghancurkannya cak atas alat berat,5.0,5.0,10.0,6.666666666666667
siswa_179,cak atas cara menghancurkannya dengan gawai berat,5.0,5.0,10.0,6.666666666666667
siswa_180,cak atas cara menghancurkannya dengan alat berat,5.0,5.0,10.0,6.666666666666667
siswa_181,dengan aturan menghancurkannya cak atas gawai berat,5.0,5.0,10.0,6.666666666666667
siswa_182,dengan aturan menghancurkannya cak atas alat berat,5.0,5.0,10.0,6.666666666666667
siswa_183,dengan aturan menghancurkannya dengan gawai berat,5.0,5.0,10.0,6.666666666666667
siswa_184,dengan aturan menghancurkannya dengan alat berat,5.0,5.0,10.0,6.666666666666667
siswa_185,dengan cara menghancurkannya cak atas gawai berat,5.0,5.0,10.0,6.666666666666667
siswa_186,dengan cara menghancurkannya cak atas alat berat,5.0,5.0,10.0,6.666666666666667
siswa_187,dengan cara menghancurkannya dengan gawai berat,5.0,5.0,10.0,6.666666666666667
siswa_188,melemparkan cak  ala tempatnya,8.0,5.0,10.0,7.666666666666667
siswa_189,melemparkan pada tempatnya,8.0,5.0,10.0,7.666666666666667
siswa_190,membuang cak  ala tempatnya,8.0,5.0,10.0,7.666666666666667
siswa_191,- melaksanakan agregasi kotor elektronik dan selanjutnya dipilah dan didaur ulang,20.0,25.0,25.0,23.333333333333332
siswa_192,- melaksanakan agregasi sampah elektronik dan selanjutnya dipilah dan didaur ulang,20.0,25.0,25.0,23.333333333333332
siswa_193,- melaksanakan pengumpulan kotor elektronik dan selanjutnya dipilah dan didaur ulang,20.0,25.0,25.0,23.333333333333332
siswa_194,- melaksanakan pengumpulan sampah elektronik dan selanjutnya dipilah dan didaur ulang,20.0,25.0,25.0,23.333333333333332
siswa_195,- melakukan agregasi kotor elektronik dan selanjutnya dipilah dan didaur ulang,20.0,25.0,25.0,23.333333333333332
siswa_196,- melakukan agregasi sampah elektronik dan selanjutnya dipilah dan didaur ulang,20.0,25.0,25.0,23.333333333333332
siswa_197,- melakukan pengumpulan kotor elektronik dan selanjutnya dipilah dan didaur ulang,20.0,25.0,25.0,23.333333333333332
siswa_198,-salurkan kotor elektronik -daur balik sampah elektronik -menyimpannya di rumah,20.0,25.0,25.0,23.333333333333332
siswa_199,-salurkan kotor elektronik -daur ulang sampah elektronik -menyimpannya di rumah,20.0,25.0,25.0,23.333333333333332
siswa_200,-salurkan sampah elektronik -daur balik sampah elektronik -menyimpannya di rumah,20.0,25.0,25.0,23.333333333333332
siswa_201,-Dengan merefresh bersama scan -Dengan mengistall ulang -Dengan merepair -Dengan maintenance,8.0,5.0,10.0,7.666666666666667
siswa_202,mendaur balik,12.0,10.0,10.0,10.666666666666666
siswa_203,-membersihkan keadaan nan berisi spam. -melakukan scanning terhadap Data pada komputer. -rutin melakukan defragment.,0.0,5.0,10.0,5.0
siswa_204,-membersihkan keadaan nan mengandung spam. -melakukan scanning terhadap Data pada komputer. -rutin melakukan defragment.,0.0,5.0,10.0,5.0
siswa_205,-membersihkan keadaan yang berisi spam. -melakukan scanning terhadap Data pada komputer. -rutin melakukan defragment.,0.0,5.0,10.0,5.0
siswa_206,-membersihkan keadaan yang mengandung spam. -melakukan scanning terhadap Data pada komputer. -rutin melakukan defragment.,0.0,5.0,10.0,5.0
siswa_207,-membersihkan hal nan berisi spam. -melakukan scanning terhadap Data pada komputer. -rutin melakukan defragment.,0.0,5.0,10.0,5.0
siswa_208,-membersihkan hal nan mengandung spam. -melakukan scanning terhadap Data pada komputer. -rutin melakukan defragment.,0.0,5.0,10.0,5.0
siswa_209,-membersihkan hal yang berisi spam. -melakukan scanning terhadap Data pada komputer. -rutin melakukan defragment.,0.0,5.0,10.0,5.0
siswa_210,- adanya ahad atensi berawal instansi terkait Dalam pengelola limbah - membangun sistem database untuk medata jumlah volume limnbah - mendorong kepeduliuan semua pihak,8.0,10.0,10.0,9.333333333333334
siswa_211,- adanya ahad atensi dari instansi terkait Dalam pengelola limbah - membangun sistem database untuk medata jumlah volume limnbah - mendorong kepeduliuan semua pihak,8.0,10.0,10.0,9.333333333333334
siswa_212,- adanya ahad perhatian berawal instansi terkait Dalam pengelola limbah - membangun sistem database untuk medata jumlah volume limnbah - mendorong kepeduliuan semua pihak,8.0,10.0,10.0,9.333333333333334
siswa_213,- adanya ahad perhatian dari instansi terkait Dalam pengelola limbah - membangun sistem database untuk medata jumlah volume limnbah - mendorong kepeduliuan semua pihak,8.0,10.0,10.0,9.333333333333334
siswa_214,- adanya satu atensi berawal instansi terkait Dalam pengelola limbah - membangun sistem database untuk medata jumlah volume limnbah - mendorong kepeduliuan semua pihak,8.0,10.0,10.0,9.333333333333334
siswa_215,- adanya satu atensi dari instansi terkait Dalam pengelola limbah - membangun sistem database untuk medata jumlah volume limnbah - mendorong kepeduliuan semua pihak,8.0,10.0,10.0,9.333333333333334
siswa_216,- adanya satu perhatian berawal instansi terkait Dalam pengelola limbah - membangun sistem database untuk medata jumlah volume limnbah - mendorong kepeduliuan semua pihak,8.0,10.0,10.0,9.333333333333334
siswa_217,bukan ingat,0.0,0.0,0.0,1.0
siswa_218,bukan tahu,0.0,0.0,0.0,1.0
siswa_219,tidak ingat,0.0,0.0,0.0,1.0
siswa_220,- dibakar - didaur balik,12.0,10.0,10.0,10.666666666666666
siswa_221,-Dengan melaksanakan scaning memakai software,0.0,0.0,0.0,1.0
siswa_222,-Dengan melaksanakan scaning menggunakan software,0.0,0.0,0.0,1.0
siswa_223,-Dengan melakukan scaning memakai software,0.0,0.0,0.0,1.0
siswa_224,"Dalam bacaan E-Waste: Sampah Elektronik (2015), penulis Rafa Jafar memberikan tips bagaimana memperlakukan barang bekas atau e-waste sebelum akhirnya berakhir di dropbox. Ada langkah kecil yang dapat dilakukan untuk mengurangi sampah elektronik, seperti jual tambah, membawa ke tukang servis, memberikan ke orang lain yang membutuhkan, atau dikumpulkan untuk diberikan ke tempat pengolah e-waste.",23.0,30.0,25.0,26.0
siswa_225,"- memajukan afeksi sarwa bagian untuk mendukung pelaksanaan mekanisme EPR dan mekanisme insentif. - membangun sistem database untuk mendata: volume limbah elektronik, daftar industri rekondisi, daftar industri pengolah limbah. - Kebijakan untuk peranan dan pertumbuhan industri rekondisi dan memberlakukan standar untuk produk refurbish. - memberikan informasi kepada semua pihak (terutama sektor informal) akan bahaya penanganan e-waste yang tidak terkontrol. - Pengelolaan limbah B3 dari Kegiatan elektronik dapat dilakukan sendiri atau diberikan kepada pihak ketiga yang telah mendapatkan izin dari KLH",16.0,20.0,25.0,20.333333333333332
siswa_226,"- memajukan afeksi sarwa pihak untuk mendukung pelaksanaan mekanisme EPR dan mekanisme insentif. - membangun sistem database untuk mendata: volume limbah elektronik, daftar industri rekondisi, daftar industri pengolah limbah. - Kebijakan untuk peranan dan pertumbuhan industri rekondisi dan memberlakukan standar untuk produk refurbish. - memberikan informasi kepada semua pihak (terutama sektor informal) akan bahaya penanganan e-waste yang tidak terkontrol. - Pengelolaan limbah B3 dari Kegiatan elektronik dapat dilakukan sendiri atau diberikan kepada pihak ketiga yang telah mendapatkan izin dari KLH",16.0,20.0,25.0,20.333333333333332
siswa_227,"- memajukan afeksi semua bagian untuk mendukung pelaksanaan mekanisme EPR dan mekanisme insentif. - membangun sistem database untuk mendata: volume limbah elektronik, daftar industri rekondisi, daftar industri pengolah limbah. - Kebijakan untuk peranan dan pertumbuhan industri rekondisi dan memberlakukan standar untuk produk refurbish. - memberikan informasi kepada semua pihak (terutama sektor informal) akan bahaya penanganan e-waste yang tidak terkontrol. - Pengelolaan limbah B3 dari Kegiatan elektronik dapat dilakukan sendiri atau diberikan kepada pihak ketiga yang telah mendapatkan izin dari KLH",16.0,20.0,25.0,20.333333333333332
siswa_228,"- memajukan afeksi semua pihak untuk mendukung pelaksanaan mekanisme EPR dan mekanisme insentif. - membangun sistem database untuk mendata: volume limbah elektronik, daftar industri rekondisi, daftar industri pengolah limbah. - Kebijakan untuk peranan dan pertumbuhan industri rekondisi dan memberlakukan standar untuk produk refurbish. - memberikan informasi kepada semua pihak (terutama sektor informal) akan bahaya penanganan e-waste yang tidak terkontrol. - Pengelolaan limbah B3 dari Kegiatan elektronik dapat dilakukan sendiri atau diberikan kepada pihak ketiga yang telah mendapatkan izin dari KLH",16.0,20.0,25.0,20.333333333333332
siswa_229,"- memajukan kepedulian sarwa bagian untuk mendukung pelaksanaan mekanisme EPR dan mekanisme insentif. - membangun sistem database untuk mendata: volume limbah elektronik, daftar industri rekondisi, daftar industri pengolah limbah. - Kebijakan untuk peranan dan pertumbuhan industri rekondisi dan memberlakukan standar untuk produk refurbish. - memberikan informasi kepada semua pihak (terutama sektor informal) akan bahaya penanganan e-waste yang tidak terkontrol. - Pengelolaan limbah B3 dari Kegiatan elektronik dapat dilakukan sendiri atau diberikan kepada pihak ketiga yang telah mendapatkan izin dari KLH",16.0,20.0,25.0,20.333333333333332
siswa_230,"- memajukan kepedulian sarwa pihak untuk mendukung pelaksanaan mekanisme EPR dan mekanisme insentif. - membangun sistem database untuk mendata: volume limbah elektronik, daftar industri rekondisi, daftar industri pengolah limbah. - Kebijakan untuk peranan dan pertumbuhan industri rekondisi dan memberlakukan standar untuk produk refurbish. - memberikan informasi kepada semua pihak (terutama sektor informal) akan bahaya penanganan e-waste yang tidak terkontrol. - Pengelolaan limbah B3 dari Kegiatan elektronik dapat dilakukan sendiri atau diberikan kepada pihak ketiga yang telah mendapatkan izin dari KLH",16.0,20.0,25.0,20.333333333333332
siswa_231,"- memajukan kepedulian semua bagian untuk mendukung pelaksanaan mekanisme EPR dan mekanisme insentif. - membangun sistem database untuk mendata: volume limbah elektronik, daftar industri rekondisi, daftar industri pengolah limbah. - Kebijakan untuk peranan dan pertumbuhan industri rekondisi dan memberlakukan standar untuk produk refurbish. - memberikan informasi kepada semua pihak (terutama sektor informal) akan bahaya penanganan e-waste yang tidak terkontrol. - Pengelolaan limbah B3 dari Kegiatan elektronik dapat dilakukan sendiri atau diberikan kepada pihak ketiga yang telah mendapatkan izin dari KLH",16.0,20.0,25.0,20.333333333333332
siswa_232,"- memajukan kepedulian semua pihak untuk mendukung pelaksanaan mekanisme EPR dan mekanisme insentif. - membangun sistem database untuk mendata: volume limbah elektronik, daftar industri rekondisi, daftar industri pengolah limbah. - Kebijakan untuk peranan dan pertumbuhan industri rekondisi dan memberlakukan standar untuk produk refurbish. - memberikan informasi kepada semua pihak (terutama sektor informal) akan bahaya penanganan e-waste yang tidak terkontrol. - Pengelolaan limbah B3 dari Kegiatan elektronik dapat dilakukan sendiri atau diberikan kepada pihak ketiga yang telah mendapatkan izin dari KLH",16.0,20.0,25.0,20.333333333333332
siswa_233,"- mendorong afeksi sarwa bagian untuk mendukung pelaksanaan mekanisme EPR dan mekanisme insentif. - membangun sistem database untuk mendata: volume limbah elektronik, daftar industri rekondisi, daftar industri pengolah limbah. - Kebijakan untuk peranan dan pertumbuhan industri rekondisi dan memberlakukan standar untuk produk refurbish. - memberikan informasi kepada semua pihak (terutama sektor informal) akan bahaya penanganan e-waste yang tidak terkontrol. - Pengelolaan limbah B3 dari Kegiatan elektronik dapat dilakukan sendiri atau diberikan kepada pihak ketiga yang telah mendapatkan izin dari KLH",16.0,20.0,25.0,20.333333333333332
siswa_234,"- mendorong afeksi sarwa pihak untuk mendukung pelaksanaan mekanisme EPR dan mekanisme insentif. - membangun sistem database untuk mendata: volume limbah elektronik, daftar industri rekondisi, daftar industri pengolah limbah. - Kebijakan untuk peranan dan pertumbuhan industri rekondisi dan memberlakukan standar untuk produk refurbish. - memberikan informasi kepada semua pihak (terutama sektor informal) akan bahaya penanganan e-waste yang tidak terkontrol. - Pengelolaan limbah B3 dari Kegiatan elektronik dapat dilakukan sendiri atau diberikan kepada pihak ketiga yang telah mendapatkan izin dari KLH",16.0,20.0,25.0,20.333333333333332
siswa_235,"- mendorong afeksi semua bagian untuk mendukung pelaksanaan mekanisme EPR dan mekanisme insentif. - membangun sistem database untuk mendata: volume limbah elektronik, daftar industri rekondisi, daftar industri pengolah limbah. - Kebijakan untuk peranan dan pertumbuhan industri rekondisi dan memberlakukan standar untuk produk refurbish. - memberikan informasi kepada semua pihak (terutama sektor informal) akan bahaya penanganan e-waste yang tidak terkontrol. - Pengelolaan limbah B3 dari Kegiatan elektronik dapat dilakukan sendiri atau diberikan kepada pihak ketiga yang telah mendapatkan izin dari KLH",16.0,20.0,25.0,20.333333333333332
siswa_236,"- mendorong afeksi semua pihak untuk mendukung pelaksanaan mekanisme EPR dan mekanisme insentif. - membangun sistem database untuk mendata: volume limbah elektronik, daftar industri rekondisi, daftar industri pengolah limbah. - Kebijakan untuk peranan dan pertumbuhan industri rekondisi dan memberlakukan standar untuk produk refurbish. - memberikan informasi kepada semua pihak (terutama sektor informal) akan bahaya penanganan e-waste yang tidak terkontrol. - Pengelolaan limbah B3 dari Kegiatan elektronik dapat dilakukan sendiri atau diberikan kepada pihak ketiga yang telah mendapatkan izin dari KLH",16.0,20.0,25.0,20.333333333333332
siswa_237,"- mendorong kepedulian sarwa bagian untuk mendukung pelaksanaan mekanisme EPR dan mekanisme insentif. - membangun sistem database untuk mendata: volume limbah elektronik, daftar industri rekondisi, daftar industri pengolah limbah. - Kebijakan untuk peranan dan pertumbuhan industri rekondisi dan memberlakukan standar untuk produk refurbish. - memberikan informasi kepada semua pihak (terutama sektor informal) akan bahaya penanganan e-waste yang tidak terkontrol. - Pengelolaan limbah B3 dari Kegiatan elektronik dapat dilakukan sendiri atau diberikan kepada pihak ketiga yang telah mendapatkan izin dari KLH",16.0,20.0,25.0,20.333333333333332
siswa_238,"- mendorong kepedulian sarwa pihak untuk mendukung pelaksanaan mekanisme EPR dan mekanisme insentif. - membangun sistem database untuk mendata: volume limbah elektronik, daftar industri rekondisi, daftar industri pengolah limbah. - Kebijakan untuk peranan dan pertumbuhan industri rekondisi dan memberlakukan standar untuk produk refurbish. - memberikan informasi kepada semua pihak (terutama sektor informal) akan bahaya penanganan e-waste yang tidak terkontrol. - Pengelolaan limbah B3 dari Kegiatan elektronik dapat dilakukan sendiri atau diberikan kepada pihak ketiga yang telah mendapatkan izin dari KLH",16.0,20.0,25.0,20.333333333333332
siswa_239,"- mendorong kepedulian semua bagian untuk mendukung pelaksanaan mekanisme EPR dan mekanisme insentif. - membangun sistem database untuk mendata: volume limbah elektronik, daftar industri rekondisi, daftar industri pengolah limbah. - Kebijakan untuk peranan dan pertumbuhan industri rekondisi dan memberlakukan standar untuk produk refurbish. - memberikan informasi kepada semua pihak (terutama sektor informal) akan bahaya penanganan e-waste yang tidak terkontrol. - Pengelolaan limbah B3 dari Kegiatan elektronik dapat dilakukan sendiri atau diberikan kepada pihak ketiga yang telah mendapatkan izin dari KLH",16.0,20.0,25.0,20.333333333333332
siswa_240,-mendaur balik kotor elektronik -bakar sampah elektronik yang bisa di bakar -di olah Dengan benar,28.0,35.0,25.0,29.333333333333332
siswa_241,-mendaur balik sampah elektronik -bakar sampah elektronik yang bisa di bakar -di olah Dengan benar,28.0,35.0,25.0,29.333333333333332
siswa_242,-mendaur ulang kotor elektronik -bakar sampah elektronik yang bisa di bakar -di olah Dengan benar,28.0,35.0,25.0,29.333333333333332
siswa_243,- mendaur balik Sampah. - memanfaatkan Sebagai bahan yg lebih penting,20.0,20.0,25.0,21.666666666666668
siswa_244,didaur balik,12.0,12.0,10.0,11.333333333333334
siswa_245,"Penjualan bagasi elektronik nan langsung melonjak hingga satu dekade mendatang diperkirakan akan terjadi di negara-negara berkembang dalam 10 tahun ke depan. Meningkatnya penjualan, tentu saja berdampak pada penumpukan sampah elektronik yang membahayakan lingkungan dan kesehatan manusia.",17.0,25.0,25.0,22.333333333333332
siswa_246,"Penjualan bagasi elektronik nan terus melonjak hingga satu dekade mendatang diperkirakan akan terjadi di negara-negara berkembang dalam 10 tahun ke depan. Meningkatnya penjualan, tentu saja berdampak pada penumpukan sampah elektronik yang membahayakan lingkungan dan kesehatan manusia.",17.0,25.0,25.0,22.333333333333332
siswa_247,"Penjualan bagasi elektronik yang langsung melonjak hingga satu dekade mendatang diperkirakan akan terjadi di negara-negara berkembang dalam 10 tahun ke depan. Meningkatnya penjualan, tentu saja berdampak pada penumpukan sampah elektronik yang membahayakan lingkungan dan kesehatan manusia.",17.0,25.0,25.0,22.333333333333332
siswa_248,"Penjualan bagasi elektronik yang terus melonjak hingga satu dekade mendatang diperkirakan akan terjadi di negara-negara berkembang dalam 10 tahun ke depan. Meningkatnya penjualan, tentu saja berdampak pada penumpukan sampah elektronik yang membahayakan lingkungan dan kesehatan manusia.",17.0,25.0,25.0,22.333333333333332
siswa_249,"Penjualan barang elektronik nan langsung melonjak hingga satu dekade mendatang diperkirakan akan terjadi di negara-negara berkembang dalam 10 tahun ke depan. Meningkatnya penjualan, tentu saja berdampak pada penumpukan sampah elektronik yang membahayakan lingkungan dan kesehatan manusia.",17.0,25.0,25.0,22.333333333333332
siswa_250,"Penjualan barang elektronik nan terus melonjak hingga satu dekade mendatang diperkirakan akan terjadi di negara-negara berkembang dalam 10 tahun ke depan. Meningkatnya penjualan, tentu saja berdampak pada penumpukan sampah elektronik yang membahayakan lingkungan dan kesehatan manusia.",17.0,25.0,25.0,22.333333333333332
siswa_251,"Penjualan barang elektronik yang langsung melonjak hingga satu dekade mendatang diperkirakan akan terjadi di negara-negara berkembang dalam 10 tahun ke depan. Meningkatnya penjualan, tentu saja berdampak pada penumpukan sampah elektronik yang membahayakan lingkungan dan kesehatan manusia.",17.0,25.0,25.0,22.333333333333332
siswa_252,abad balik dimanfaatkan sebagai entitas yang bermanfaat,26.0,25.0,25.0,25.333333333333332
siswa_253,abad balik dimanfaatkan sebagai benda yang bermanfaat,26.0,25.0,25.0,25.333333333333332
siswa_254,abad balik dimanfaatkan menjadi entitas yang bermanfaat,26.0,25.0,25.0,25.333333333333332
siswa_255,abad balik dimanfaatkan menjadi benda yang bermanfaat,26.0,25.0,25.0,25.333333333333332
siswa_256,abad ulang dimanfaatkan sebagai entitas yang bermanfaat,26.0,25.0,25.0,25.333333333333332
siswa_257,abad ulang dimanfaatkan sebagai benda yang bermanfaat,26.0,25.0,25.0,25.333333333333332
siswa_258,abad ulang dimanfaatkan menjadi entitas yang bermanfaat,26.0,25.0,25.0,25.333333333333332
siswa_259,abad ulang dimanfaatkan menjadi benda yang bermanfaat,26.0,25.0,25.0,25.333333333333332
siswa_260,daur balik dimanfaatkan sebagai entitas yang bermanfaat,26.0,25.0,25.0,25.333333333333332
siswa_261,daur balik dimanfaatkan sebagai benda yang bermanfaat,26.0,25.0,25.0,25.333333333333332
siswa_262,daur balik dimanfaatkan menjadi entitas yang bermanfaat,26.0,25.0,25.0,25.333333333333332
siswa_263,daur balik dimanfaatkan menjadi benda yang bermanfaat,26.0,25.0,25.0,25.333333333333332
siswa_264,daur ulang dimanfaatkan sebagai entitas yang bermanfaat,26.0,25.0,25.0,25.333333333333332
siswa_265,daur ulang dimanfaatkan sebagai benda yang bermanfaat,26.0,25.0,25.0,25.333333333333332
siswa_266,daur ulang dimanfaatkan menjadi entitas yang bermanfaat,26.0,25.0,25.0,25.333333333333332
siswa_267,memakai bagasi sebagai bijak.,16.0,14.0,10.0,13.333333333333334
siswa_268,memakai bagasi secara bijak.,16.0,14.0,10.0,13.333333333333334
siswa_269,memakai barang sebagai bijak.,16.0,14.0,10.0,13.333333333333334
siswa_270,memakai barang secara bijak.,16.0,14.0,10.0,13.333333333333334
siswa_271,menggunakan bagasi sebagai bijak.,16.0,14.0,10.0,13.333333333333334
siswa_272,menggunakan bagasi secara bijak.,16.0,14.0,10.0,13.333333333333334
siswa_273,menggunakan barang sebagai bijak.,16.0,14.0,10.0,13.333333333333334
siswa_274,"delete, bokir ,tidak mesti kerjakan",0.0,2.0,0.0,0.6666666666666666
siswa_275,"delete, bokir ,tidak mesti buat",0.0,2.0,0.0,0.6666666666666666
siswa_276,"delete, bokir ,tidak usah kerjakan",0.0,2.0,0.0,0.6666666666666666
siswa_277,"Menghapus kotor elektronik, memblokir kotor elektronik, tidak membuat sampah elektronik.",18.0,20.0,25.0,21.0
siswa_278,"Menghapus kotor elektronik, memblokir sampah elektronik, tidak membuat sampah elektronik.",18.0,20.0,25.0,21.0
siswa_279,"Menghapus sampah elektronik, memblokir kotor elektronik, tidak membuat sampah elektronik.",18.0,20.0,25.0,21.0
siswa_280,dalam abad balik dalam abad ulang di daur ulang,12.0,10.0,10.0,10.666666666666666
siswa_281,dalam abad balik dalam daur ulang di daur ulang,12.0,10.0,10.0,10.666666666666666
siswa_282,dalam abad balik di abad ulang di daur ulang,12.0,10.0,10.0,10.666666666666666
siswa_283,dalam abad balik di daur ulang di daur ulang,12.0,10.0,10.0,10.666666666666666
siswa_284,dalam abad ulang dalam abad ulang di daur ulang,12.0,10.0,10.0,10.666666666666666
siswa_285,dalam abad ulang dalam daur ulang di daur ulang,12.0,10.0,10.0,10.666666666666666
siswa_286,dalam abad ulang di abad ulang di daur ulang,12.0,10.0,10.0,10.666666666666666
siswa_287,dalam abad ulang di daur ulang di daur ulang,12.0,10.0,10.0,10.666666666666666
siswa_288,dalam daur balik dalam abad ulang di daur ulang,12.0,10.0,10.0,10.666666666666666
siswa_289,dalam daur balik dalam daur ulang di daur ulang,12.0,10.0,10.0,10.666666666666666
siswa_290,dalam daur balik di abad ulang di daur ulang,12.0,10.0,10.0,10.666666666666666
siswa_291,dalam daur balik di daur ulang di daur ulang,12.0,10.0,10.0,10.666666666666666
siswa_292,dalam daur ulang dalam abad ulang di daur ulang,12.0,10.0,10.0,10.666666666666666
siswa_293,dalam daur ulang dalam daur ulang di daur ulang,12.0,10.0,10.0,10.666666666666666
siswa_294,dalam daur ulang di abad ulang di daur ulang,12.0,10.0,10.0,10.666666666666666
siswa_295,dalam daur ulang di daur ulang di daur ulang,12.0,10.0,10.0,10.666666666666666
siswa_296,di abad balik dalam abad ulang di daur ulang,12.0,10.0,10.0,10.666666666666666
siswa_297,di abad balik dalam daur ulang di daur ulang,12.0,10.0,10.0,10.666666666666666
siswa_298,di abad balik di abad ulang di daur ulang,12.0,10.0,10.0,10.666666666666666
siswa_299,di abad balik di daur ulang di daur ulang,12.0,10.0,10.0,10.666666666666666
siswa_300,di abad ulang dalam abad ulang di daur ulang,12.0,10.0,10.0,10.666666666666666
siswa_301,di abad ulang dalam daur ulang di daur ulang,12.0,10.0,10.0,10.666666666666666
siswa_302,di abad ulang di abad ulang di daur ulang,12.0,10.0,10.0,10.666666666666666
siswa_303,di abad ulang di daur ulang di daur ulang,12.0,10.0,10.0,10.666666666666666
siswa_304,di daur balik dalam abad ulang di daur ulang,12.0,10.0,10.0,10.666666666666666
siswa_305,di daur balik dalam daur ulang di daur ulang,12.0,10.0,10.0,10.666666666666666
siswa_306,di daur balik di abad ulang di daur ulang,12.0,10.0,10.0,10.666666666666666
siswa_307,di daur balik di daur ulang di daur ulang,12.0,10.0,10.0,10.666666666666666
siswa_308,di daur ulang dalam abad ulang di daur ulang,12.0,10.0,10.0,10.666666666666666
siswa_309,di daur ulang dalam daur ulang di daur ulang,12.0,10.0,10.0,10.666666666666666
siswa_310,di daur ulang di abad ulang di daur ulang,12.0,10.0,10.0,10.666666666666666
siswa_311,- disimpan - dalam abad ulang - dijadikan pajangan,12.0,15.0,10.0,12.333333333333334
siswa_312,- disimpan - dalam daur ulang - dijadikan pajangan,12.0,15.0,10.0,12.333333333333334
siswa_313,- disimpan - di abad ulang - dijadikan pajangan,12.0,15.0,10.0,12.333333333333334
siswa_314,"memakai antivirus , melaksanakan eliminasi data yang tidak penting",5.0,5.0,10.0,6.666666666666667
siswa_315,"memakai antivirus , melaksanakan pembersihan data yang tidak penting",5.0,5.0,10.0,6.666666666666667
siswa_316,"memakai antivirus , melakukan eliminasi data yang tidak penting",5.0,5.0,10.0,6.666666666666667
siswa_317,"memakai antivirus , melakukan pembersihan data yang tidak penting",5.0,5.0,10.0,6.666666666666667
siswa_318,"menggunakan antivirus , melaksanakan eliminasi data yang tidak penting",5.0,5.0,10.0,6.666666666666667
siswa_319,"menggunakan antivirus , melaksanakan pembersihan data yang tidak penting",5.0,5.0,10.0,6.666666666666667
siswa_320,"menggunakan antivirus , melakukan eliminasi data yang tidak penting",5.0,5.0,10.0,6.666666666666667
siswa_321,melaksanakan eliminasi sebagai berkala. ada aplikasi penghapus spam. tidak menginstall hal hal yang tidak diperlukan,8.0,5.0,10.0,7.666666666666667
siswa_322,melaksanakan eliminasi sebagai berkala. memiliki aplikasi penghapus spam. tidak menginstall hal hal yang tidak diperlukan,8.0,5.0,10.0,7.666666666666667
siswa_323,melaksanakan eliminasi secara berkala. ada aplikasi penghapus spam. tidak menginstall hal hal yang tidak diperlukan,8.0,5.0,10.0,7.666666666666667
siswa_324,melaksanakan eliminasi secara berkala. memiliki aplikasi penghapus spam. tidak menginstall hal hal yang tidak diperlukan,8.0,5.0,10.0,7.666666666666667
siswa_325,melaksanakan pembersihan sebagai berkala. ada aplikasi penghapus spam. tidak menginstall hal hal yang tidak diperlukan,8.0,5.0,10.0,7.666666666666667
siswa_326,melaksanakan pembersihan sebagai berkala. memiliki aplikasi penghapus spam. tidak menginstall hal hal yang tidak diperlukan,8.0,5.0,10.0,7.666666666666667
siswa_327,melaksanakan pembersihan secara berkala. ada aplikasi penghapus spam. tidak menginstall hal hal yang tidak diperlukan,8.0,5.0,10.0,7.666666666666667
siswa_328,melaksanakan pembersihan secara berkala. memiliki aplikasi penghapus spam. tidak menginstall hal hal yang tidak diperlukan,8.0,5.0,10.0,7.666666666666667
siswa_329,melakukan eliminasi sebagai berkala. ada aplikasi penghapus spam. tidak menginstall hal hal yang tidak diperlukan,8.0,5.0,10.0,7.666666666666667
siswa_330,melakukan eliminasi sebagai berkala. memiliki aplikasi penghapus spam. tidak menginstall hal hal yang tidak diperlukan,8.0,5.0,10.0,7.666666666666667
siswa_331,melakukan eliminasi secara berkala. ada aplikasi penghapus spam. tidak menginstall hal hal yang tidak diperlukan,8.0,5.0,10.0,7.666666666666667
siswa_332,melakukan eliminasi secara berkala. memiliki aplikasi penghapus spam. tidak menginstall hal hal yang tidak diperlukan,8.0,5.0,10.0,7.666666666666667
siswa_333,melakukan pembersihan sebagai berkala. ada aplikasi penghapus spam. tidak menginstall hal hal yang tidak diperlukan,8.0,5.0,10.0,7.666666666666667
siswa_334,melakukan pembersihan sebagai berkala. memiliki aplikasi penghapus spam. tidak menginstall hal hal yang tidak diperlukan,8.0,5.0,10.0,7.666666666666667
siswa_335,melakukan pembersihan secara berkala. ada aplikasi penghapus spam. tidak menginstall hal hal yang tidak diperlukan,8.0,5.0,10.0,7.666666666666667
siswa_336,"abad balik sebagai barang baru, dilebur, dijadikan bahan campuran",15.0,20.0,25.0,20.0
siswa_337,"abad balik sebagai produk baru, dilebur, dijadikan bahan campuran",15.0,20.0,25.0,20.0
siswa_338,"abad balik menjadi barang baru, dilebur, dijadikan bahan campuran",15.0,20.0,25.0,20.0
siswa_339,"abad balik menjadi produk baru, dilebur, dijadikan bahan campuran",15.0,20.0,25.0,20.0
siswa_340,"abad ulang sebagai barang baru, dilebur, dijadikan bahan campuran",15.0,20.0,25.0,20.0
siswa_341,"abad ulang sebagai produk baru, dilebur, dijadikan bahan campuran",15.0,20.0,25.0,20.0
siswa_342,"abad ulang menjadi barang baru, dilebur, dijadikan bahan campuran",15.0,20.0,25.0,20.0
siswa_343,"abad ulang menjadi produk baru, dilebur, dijadikan bahan campuran",15.0,20.0,25.0,20.0
siswa_344,"daur balik sebagai barang baru, dilebur, dijadikan bahan campuran",15.0,20.0,25.0,20.0
siswa_345,"daur balik sebagai produk baru, dilebur, dijadikan bahan campuran",15.0,20.0,25.0,20.0
siswa_346,"daur balik menjadi barang baru, dilebur, dijadikan bahan campuran",15.0,20.0,25.0,20.0
siswa_347,"daur balik menjadi produk baru, dilebur, dijadikan bahan campuran",15.0,20.0,25.0,20.0
siswa_348,"daur ulang sebagai barang baru, dilebur, dijadikan bahan campuran",15.0,20.0,25.0,20.0
siswa_349,"daur ulang sebagai produk baru, dilebur, dijadikan bahan campuran",15.0,20.0,25.0,20.0
siswa_350,"daur ulang menjadi barang baru, dilebur, dijadikan bahan campuran",15.0,20.0,25.0,20.0
siswa_351,"Memisahkan celah kotor basah, kotor kering dan sampah elektronik meningkatkan kreatifitas dengan mengelola sampah elektronik jangan membuang sampah lektronik sembarangan",40.0,40.0,50.0,43.333333333333336
siswa_352,"Memisahkan celah kotor basah, sampah kering dan sampah elektronik meningkatkan kreatifitas dengan mengelola sampah elektronik jangan membuang sampah lektronik sembarangan",40.0,40.0,50.0,43.333333333333336
siswa_353,"Memisahkan celah sampah basah, kotor kering dan sampah elektronik meningkatkan kreatifitas dengan mengelola sampah elektronik jangan membuang sampah lektronik sembarangan",40.0,40.0,50.0,43.333333333333336
siswa_354,"Memisahkan celah sampah basah, sampah kering dan sampah elektronik meningkatkan kreatifitas dengan mengelola sampah elektronik jangan membuang sampah lektronik sembarangan",40.0,40.0,50.0,43.333333333333336
siswa_355,"Memisahkan antara kotor basah, kotor kering dan sampah elektronik meningkatkan kreatifitas dengan mengelola sampah elektronik jangan membuang sampah lektronik sembarangan",40.0,40.0,50.0,43.333333333333336
siswa_356,"Memisahkan antara kotor basah, sampah kering dan sampah elektronik meningkatkan kreatifitas dengan mengelola sampah elektronik jangan membuang sampah lektronik sembarangan",40.0,40.0,50.0,43.333333333333336
siswa_357,"Memisahkan antara sampah basah, kotor kering dan sampah elektronik meningkatkan kreatifitas dengan mengelola sampah elektronik jangan membuang sampah lektronik sembarangan",40.0,40.0,50.0,43.333333333333336
siswa_358,mendaur ulang. melepaskan bahan-bahan nan berbahaya dan beracun atau B3,38.0,35.0,25.0,32.666666666666664
siswa_359,mendaur ulang. melepaskan bahan-bahan yang berbahaya dan beracun atau B3,38.0,35.0,25.0,32.666666666666664
siswa_360,mendaur ulang. memisahkan bahan-bahan nan berbahaya dan beracun atau B3,38.0,35.0,25.0,32.666666666666664
siswa_361,dalam lenyapkan,0.0,0.0,0.0,1.0
siswa_362,-tingkatkan kebahagiaan -perbaiki bentuk sebagai berkala -bersihkan virus,5.0,5.0,10.0,6.666666666666667
siswa_363,-tingkatkan kebahagiaan -perbaiki bentuk secara berkala -bersihkan virus,5.0,5.0,10.0,6.666666666666667
siswa_364,-tingkatkan kebahagiaan -perbaiki sistem sebagai berkala -bersihkan virus,5.0,5.0,10.0,6.666666666666667
siswa_365,-tingkatkan kebahagiaan -perbaiki sistem secara berkala -bersihkan virus,5.0,5.0,10.0,6.666666666666667
siswa_366,-tingkatkan keamanan -perbaiki bentuk sebagai berkala -bersihkan virus,5.0,5.0,10.0,6.666666666666667
siswa_367,-tingkatkan keamanan -perbaiki bentuk secara berkala -bersihkan virus,5.0,5.0,10.0,6.666666666666667
siswa_368,-tingkatkan keamanan -perbaiki sistem sebagai berkala -bersihkan virus,5.0,5.0,10.0,6.666666666666667
